code,name,listing_date,shares,listing_board
AALI,Astra Agro Lestari Tbk.,1997-12-09T00:00:00,1924688333,Utama
ABBA,Mahaka Media Tbk.,2002-04-03T00:00:00,2755125000,Pengembangan
ABDA,Asuransi Bina Dana Arta Tbk.,1989-07-06T00:00:00,620806680,Pengembangan
ABMM,ABM Investama Tbk.,2011-12-06T00:00:00,2753165000,Utama
ACES,Ace Hardware Indonesia Tbk.,2007-11-06T00:00:00,17150000000,Utama
ACST,Acset Indonusa Tbk.,2013-06-24T00:00:00,6425160000,Utama
ADES,Akasha Wira International Tbk.,1994-06-13T00:00:00,589896800,Pengembangan
ADHI,Adhi Karya (Persero) Tbk.,2004-03-18T00:00:00,3560849376,Utama
ADMF,Adira Dinamika Multi Finance T,2004-03-31T00:00:00,1000000000,Utama
ADMG,Polychem Indonesia Tbk,1993-10-20T00:00:00,3889179559,Utama
ADRO,Adaro Energy Tbk.,2008-07-16T00:00:00,31985962000,Utama
AGAR,Asia Sejahtera Mina Tbk.,2019-12-02T00:00:00,1000000000,Pengembangan
AGII,Aneka Gas Industri Tbk.,2016-09-28T00:00:00,3066660000,Utama
AGRO,Bank Rakyat Indonesia Agroniag,2003-08-08T00:00:00,21379233779,Utama
AGRS,Bank IBK Indonesia Tbk.,2014-12-22T00:00:00,11154923542,Pengembangan
AHAP,Asuransi Harta Aman Pratama Tb,1990-09-14T00:00:00,2940000000,Pengembangan
AIMS,Akbar Indo Makmur Stimec Tbk,2001-07-20T00:00:00,220000000,Pengembangan
AISA,FKS Food Sejahtera Tbk.,1997-06-11T00:00:00,9311800000,Utama
AKKU,Anugerah Kagum Karya Utama Tbk,2004-11-01T00:00:00,6449463636,Pengembangan
AKPI,Argha Karya Prima Industry Tbk,1992-12-18T00:00:00,680000000,Pengembangan
AKRA,AKR Corporindo Tbk.,1994-10-03T00:00:00,4014694920,Utama
AKSI,Maming Enam Sembilan Mineral T,2001-07-13T00:00:00,720000000,Pengembangan
ALDO,Alkindo Naratama Tbk.,2011-07-12T00:00:00,1100000000,Pengembangan
ALKA,Alakasa Industrindo Tbk,1990-07-12T00:00:00,507665055,Pengembangan
ALMI,Alumindo Light Metal Industry ,1997-01-02T00:00:00,616000000,Pengembangan
ALTO,Tri Banyan Tirta Tbk.,2012-07-10T00:00:00,2191870558,Utama
AMAG,Asuransi Multi Artha Guna Tbk.,2005-12-23T00:00:00,5001552516,Pengembangan
AMAN,Makmur Berkah Amanda Tbk.,2020-03-13T00:00:00,3873500000,Utama
AMAR,Bank Amar Indonesia Tbk.,2020-01-09T00:00:00,7954749000,Pengembangan
AMFG,Asahimas Flat Glass Tbk.,1995-11-08T00:00:00,434000000,Utama
AMIN,Ateliers Mecaniques D Indonesi,2015-12-10T00:00:00,1080000000,Pengembangan
AMOR,Ashmore Asset Management Indon,2020-01-14T00:00:00,1111111200,Pengembangan
AMRT,Sumber Alfaria Trijaya Tbk.,2009-01-15T00:00:00,41524501700,Utama
ANDI,Andira Agro Tbk.,2018-08-16T00:00:00,9350000000,Pengembangan
ANJT,Austindo Nusantara Jaya Tbk.,2013-05-08T00:00:00,3354175000,Utama
ANTM,Aneka Tambang Tbk.,1997-11-27T00:00:00,24030764725,Utama
APEX,Apexindo Pratama Duta Tbk.,2002-07-10T00:00:00,2659850000,Pengembangan
APIC,Pacific Strategic Financial Tb,2002-12-18T00:00:00,11766313488,Pengembangan
APII,Arita Prima Indonesia Tbk.,2013-10-29T00:00:00,1075760000,Pengembangan
APLI,Asiaplast Industries Tbk.,2000-05-01T00:00:00,1362671400,Utama
APLN,Agung Podomoro Land Tbk.,2010-11-11T00:00:00,22699326779,Utama
ARGO,Argo Pantes Tbk,1991-01-07T00:00:00,335557450,Pengembangan
ARII,Atlas Resources Tbk.,2011-11-08T00:00:00,3131000000,Pengembangan
ARKA,Arkha Jayanti Persada Tbk.,2019-07-10T00:00:00,2000000000,Pengembangan
ARMY,Armidian Karyatama Tbk.,2017-06-21T00:00:00,9006250000,Pengembangan
ARNA,Arwana Citramulia Tbk.,2001-07-17T00:00:00,7341430976,Utama
ARTA,Arthavest Tbk,2002-11-05T00:00:00,446674175,Pengembangan
ARTI,Ratu Prabu Energi Tbk,2003-04-30T00:00:00,7840000000,Utama
ARTO,Bank Jago Tbk.,2016-01-12T00:00:00,13717687500,Pengembangan
ASBI,Asuransi Bintang Tbk.,1989-11-29T00:00:00,348386472,Pengembangan
ASDM,Asuransi Dayin Mitra Tbk.,1989-12-15T00:00:00,192000000,Utama
ASGR,Astra Graphia Tbk.,1989-11-15T00:00:00,1348780500,Utama
ASII,Astra International Tbk.,1990-04-04T00:00:00,40483553140,Utama
ASJT,Asuransi Jasa Tania Tbk.,2003-12-29T00:00:00,600000000,Pengembangan
ASMI,Asuransi Maximus Graha Persada,2014-01-16T00:00:00,8958380460,Utama
ASPI,Andalan Sakti Primaindo Tbk.,2020-02-17T00:00:00,681792805,Pengembangan
ASRI,Alam Sutera Realty Tbk.,2007-12-18T00:00:00,19649411888,Utama
ASRM,Asuransi Ramayana Tbk.,1990-03-19T00:00:00,304283840,Pengembangan
ASSA,Adi Sarana Armada Tbk.,2012-11-12T00:00:00,3397500000,Utama
ATAP,Trimitra Prawara Goldland Tbk.,2020-12-11T00:00:00,1250000000,Pengembangan
ATIC,Anabatic Technologies Tbk.,2015-07-08T00:00:00,2315361355,Utama
AUTO,Astra Otoparts Tbk.,1998-06-15T00:00:00,4819733000,Utama
AYLS,Agro Yasa Lestari Tbk.,2020-02-12T00:00:00,853423236,Pengembangan
BABP,Bank MNC Internasional Tbk.,2002-07-15T00:00:00,25091572263,Pengembangan
BACA,Bank Capital Indonesia Tbk.,2007-10-04T00:00:00,7007620051,Pengembangan
BAJA,Saranacentral Bajatama Tbk.,2011-12-21T00:00:00,1800000000,Pengembangan
BALI,Bali Towerindo Sentra Tbk.,2014-03-13T00:00:00,3934592500,Pengembangan
BANK,Bank Net Indonesia Syariah Tbk,1993-10-01T00:00:00,13061141834,Utama
BAPA,Bekasi Asri Pemula Tbk.,2008-01-14T00:00:00,661784520,Utama
BAPI,Bhakti Agung Propertindo Tbk.,2019-09-16T00:00:00,5591740286,Pengembangan
BATA,Sepatu Bata Tbk.,1982-03-24T00:00:00,1300000000,Utama
BAYU,Bayu Buana Tbk,1989-10-30T00:00:00,353220780,Pengembangan
BBCA,Bank Central Asia Tbk.,2000-05-31T00:00:00,24408459900,Utama
BBHI,Bank Harda Internasional Tbk.,2015-08-12T00:00:00,4142587477,Pengembangan
BBKP,Bank KB Bukopin Tbk.,2006-07-10T00:00:00,32510124471,Utama
BBLD,Buana Finance Tbk.,1990-05-07T00:00:00,1645796054,Pengembangan
BBMD,Bank Mestika Dharma Tbk.,2013-07-08T00:00:00,4049189100,Utama
BBNI,Bank Negara Indonesia (Persero,1996-11-25T00:00:00,18462169893,Utama
BBRI,Bank Rakyat Indonesia (Persero,2003-11-10T00:00:00,122112351900,Utama
BBRM,Pelayaran Nasional Bina Buana ,2013-01-09T00:00:00,5367076248,Utama
BBSI,Bank Bisnis Internasional Tbk.,2020-09-07T00:00:00,2996264110,Pengembangan
BBSS,Bumi Benowo Sukses Sejahtera T,2020-04-15T00:00:00,4800016020,Pengembangan
BBTN,Bank Tabungan Negara (Persero),2009-12-17T00:00:00,10484100000,Utama
BBYB,Bank Neo Commerce Tbk.,2015-01-13T00:00:00,6595177287,Utama
BCAP,MNC Kapital Indonesia Tbk.,2001-06-08T00:00:00,42618850927,Utama
BCIC,Bank JTrust Indonesia Tbk.,1997-06-25T00:00:00,9912003256,Pengembangan
BCIP,Bumi Citra Permai Tbk.,2009-12-11T00:00:00,1429915525,Pengembangan
BDMN,Bank Danamon Indonesia Tbk.,1989-12-06T00:00:00,9675817341,Utama
BEBS,Berkah Beton Sadaya Tbk.,2021-03-10T00:00:00,9000000000,Pengembangan
BEEF,Estika Tata Tiara Tbk.,2019-01-10T00:00:00,1884312595,Pengembangan
BEKS,Bank Pembangunan Daerah Banten,2001-07-13T00:00:00,43403920512,Pengembangan
BELL,Trisula Textile Industries Tbk,2017-10-03T00:00:00,7250000000,Pengembangan
BESS,Batulicin Nusantara Maritim Tb,2020-03-09T00:00:00,3405936554,Pengembangan
BEST,Bekasi Fajar Industrial Estate,2012-04-10T00:00:00,9647311150,Utama
BFIN,BFI Finance  Indonesia Tbk.,1990-05-16T00:00:00,15967115620,Utama
BGTG,Bank Ganesha Tbk.,2016-05-12T00:00:00,11063309400,Pengembangan
BHAT,Bhakti Multi Artha Tbk.,2020-04-15T00:00:00,5000000000,Pengembangan
BHIT,MNC Investama Tbk.,1997-11-24T00:00:00,73766098834,Utama
BIKA,Binakarya Jaya Abadi Tbk.,2015-07-14T00:00:00,592280000,Pengembangan
BIMA,Primarindo Asia Infrastructure,1994-08-30T00:00:00,608175716,Pengembangan
BINA,Bank Ina Perdana Tbk.,2014-01-16T00:00:00,5597831250,Utama
BIPI,Astrindo Nusantara Infrastrukt,2010-02-11T00:00:00,44693066193,Pengembangan
BIPP,Bhuwanatala Indah Permai Tbk.,1995-10-23T00:00:00,5028669366,Pengembangan
BIRD,Blue Bird Tbk.,2014-11-05T00:00:00,2502100000,Utama
BISI,BISI International Tbk.,2007-05-28T00:00:00,3000000000,Utama
BJBR,Bank Pembangunan Daerah Jawa B,2010-07-08T00:00:00,9740399289,Utama
BJTM,Bank Pembangunan Daerah Jawa T,2012-07-12T00:00:00,14865343101,Utama
BKDP,Bukit Darmo Property Tbk,2007-06-15T00:00:00,7513992252,Pengembangan
BKSL,Sentul City Tbk.,1997-07-28T00:00:00,67083561082,Utama
BKSW,Bank QNB Indonesia Tbk.,2002-11-21T00:00:00,20232319124,Pengembangan
BLTA,Berlian Laju Tanker Tbk,1990-03-26T00:00:00,25940187103,Utama
BLTZ,Graha Layar Prima Tbk.,2014-04-10T00:00:00,873937142,Pengembangan
BLUE,Berkah Prima Perkasa Tbk.,2019-07-08T00:00:00,418000000,Pengembangan
BMAS,Bank Maspion Indonesia Tbk.,2013-07-11T00:00:00,4399026922,Pengembangan
BMRI,Bank Mandiri (Persero) Tbk.,2003-07-14T00:00:00,46199999998,Utama
BMSR,Bintang Mitra Semestaraya Tbk,1999-12-29T00:00:00,1159200024,Utama
BMTR,Global Mediacom Tbk.,1995-07-17T00:00:00,16583997586,Utama
BNBA,Bank Bumi Arta Tbk.,2006-06-01T00:00:00,2286900000,Utama
BNBR,Bakrie & Brothers Tbk,1989-08-28T00:00:00,21160865261,Pengembangan
BNGA,Bank CIMB Niaga Tbk.,1989-11-29T00:00:00,24880290775,Utama
BNII,Bank Maybank Indonesia Tbk.,1989-11-21T00:00:00,75357433911,Utama
BNLI,Bank Permata Tbk.,1990-01-15T00:00:00,27762311813,Utama
BOGA,Bintang Oto Global Tbk.,2016-12-19T00:00:00,3803526210,Pengembangan
BOLA,Bali Bintang Sejahtera Tbk.,2019-06-17T00:00:00,6000000000,Pengembangan
BOLT,Garuda Metalindo Tbk.,2015-07-07T00:00:00,2343750000,Pengembangan
BOSS,Borneo Olah Sarana Sukses Tbk.,2018-02-15T00:00:00,1400000000,Pengembangan
BPFI,Batavia Prosperindo Finance Tb,2009-06-01T00:00:00,1782663575,Pengembangan
BPII,Batavia Prosperindo Internasio,2014-07-08T00:00:00,562224662,Pengembangan
BPTR,Batavia Prosperindo Trans Tbk.,2018-07-09T00:00:00,1550000000,Utama
BRAM,Indo Kordsa Tbk.,1990-09-05T00:00:00,450000000,Utama
BRIS,Bank Syariah Indonesia Tbk.,1911-01-01T00:00:00,40714577972,Utama
BRMS,Bumi Resources Minerals Tbk.,2010-12-09T00:00:00,93907762380,Pengembangan
BRNA,Berlina Tbk.,1989-11-06T00:00:00,979110000,Pengembangan
BRPT,Barito Pacific Tbk.,1993-10-01T00:00:00,93747218044,Utama
BSDE,Bumi Serpong Damai Tbk.,2008-06-06T00:00:00,21171365812,Utama
BSIM,Bank Sinarmas Tbk.,2010-12-13T00:00:00,19517921842,Utama
BSSR,Baramulti Suksessarana Tbk.,2012-11-08T00:00:00,2616500000,Pengembangan
BSWD,Bank Of India Indonesia Tbk.,2002-05-01T00:00:00,1374912000,Pengembangan
BTEK,Bumi Teknokultura Unggul Tbk,2004-05-14T00:00:00,46277496376,Pengembangan
BTEL,Bakrie Telecom Tbk.,2006-02-03T00:00:00,36822665755,Utama
BTON,Betonjaya Manunggal Tbk.,2001-07-18T00:00:00,720000000,Pengembangan
BTPN,Bank BTPN Tbk.,2008-03-12T00:00:00,8066054461,Utama
BTPS,Bank BTPN Syariah Tbk.,2018-05-08T00:00:00,7626663000,Utama
BUDI,Budi Starch & Sweetener Tbk.,1995-05-08T00:00:00,4498997362,Utama
BUKK,Bukaka Teknik Utama Tbk.,1995-01-09T00:00:00,2640452000,Pengembangan
BULL,Buana Lintas Lautan Tbk.,2011-05-23T00:00:00,12915656544,Utama
BUMI,Bumi Resources Tbk.,1990-07-30T00:00:00,74274746007,Pengembangan
BUVA,Bukit Uluwatu Villa Tbk.,2010-07-12T00:00:00,6811269200,Pengembangan
BVIC,Bank Victoria International Tb,1999-06-30T00:00:00,9442771448,Utama
BWPT,Eagle High Plantations Tbk.,2009-10-27T00:00:00,31525291000,Utama
BYAN,Bayan Resources Tbk.,2008-08-12T00:00:00,3333333500,Utama
CAKK,Cahayaputra Asa Keramik Tbk.,2018-10-31T00:00:00,1203300219,Pengembangan
CAMP,Campina Ice Cream Industry Tbk,2017-12-19T00:00:00,5885000000,Utama
CANI,Capitol Nusantara Indonesia Tb,2014-01-16T00:00:00,833440000,Pengembangan
CARE,Metro Healthcare Indonesia Tbk,2020-03-13T00:00:00,33250000000,Pengembangan
CARS,Industri dan Perdagangan Bintr,2017-04-10T00:00:00,15000000000,Utama
CASA,Capital Financial Indonesia Tb,2016-07-19T00:00:00,54476260993,Pengembangan
CASH,Cashlez Worldwide Indonesia Tb,2020-05-04T00:00:00,1431125517,Akselerasi
CASS,Cardig Aero Services Tbk.,2011-12-05T00:00:00,2086950000,Pengembangan
CBMF,Cahaya Bintang Medan Tbk.,2020-04-09T00:00:00,1875000000,Pengembangan
CCSI,Communication Cable Systems In,2019-06-18T00:00:00,1000000000,Pengembangan
CEKA,Wilmar Cahaya Indonesia Tbk.,1996-07-09T00:00:00,595000000,Utama
CENT,Centratama Telekomunikasi Indo,2001-11-01T00:00:00,31183464900,Pengembangan
CFIN,Clipan Finance Indonesia Tbk.,1990-08-27T00:00:00,3984520457,Utama
CINT,Chitose Internasional Tbk.,2014-06-27T00:00:00,1000000000,Pengembangan
CITA,Cita Mineral Investindo Tbk.,2002-03-20T00:00:00,3960361250,Pengembangan
CITY,Natura City Developments Tbk.,2018-09-28T00:00:00,5404710955,Utama
CLAY,Citra Putra Realty Tbk.,2019-01-18T00:00:00,2570000000,Pengembangan
CLEO,Sariguna Primatirta Tbk.,2017-05-05T00:00:00,12000000000,Utama
CLPI,Colorpak Indonesia Tbk.,2001-11-30T00:00:00,306338500,Pengembangan
CMNP,Citra Marga Nusaphala Persada ,1995-01-10T00:00:00,5431399451,Utama
CMPP,AirAsia Indonesia Tbk.,1994-12-08T00:00:00,10685124441,Pengembangan
CNKO,Exploitasi Energi Indonesia Tb,2001-11-21T00:00:00,8956361206,Utama
CNTX,Century Textile Industry Tbk.,1979-05-22T00:00:00,70000000,Pengembangan
COCO,Wahana Interfood Nusantara Tbk,2019-03-20T00:00:00,560285571,Pengembangan
COWL,Cowell Development Tbk.,2007-12-19T00:00:00,4871214021,Pengembangan
CPIN,Charoen Pokphand Indonesia Tbk,1991-03-18T00:00:00,16398000000,Utama
CPRI,Capri Nusa Satu Properti Tbk.,2019-04-11T00:00:00,2433375005,Pengembangan
CPRO,Central Proteina Prima Tbk.,2006-11-28T00:00:00,59572382787,Utama
CSAP,Catur Sentosa Adiprana Tbk.,2007-12-12T00:00:00,4458352920,Utama
CSIS,Cahayasakti Investindo Sukses ,2017-05-10T00:00:00,1307000000,Pengembangan
CSMI,Cipta Selera Murni Tbk.,2020-04-09T00:00:00,816061500,Pengembangan
CSRA,Cisadane Sawit Raya Tbk.,2020-01-09T00:00:00,2050000000,Pengembangan
CTBN,Citra Tubindo Tbk.,1989-11-28T00:00:00,800371500,Utama
CTRA,Ciputra Development Tbk.,1994-03-28T00:00:00,18560303397,Utama
CTTH,Citatah Tbk.,1996-07-03T00:00:00,1230839821,Pengembangan
DADA,Diamond Citra Propertindo Tbk.,2020-02-14T00:00:00,7177000382,Pengembangan
DART,Duta Anggada Realty Tbk.,1990-05-08T00:00:00,3141390962,Utama
DAYA,Duta Intidaya Tbk.,2016-06-28T00:00:00,2420547025,Pengembangan
DCII,DCI Indonesia Tbk.,2021-01-06T00:00:00,2383745900,Pengembangan
DEAL,Dewata Freightinternational Tb,2018-11-09T00:00:00,1132748259,Pengembangan
DEFI,Danasupra Erapacific Tbk.,2001-07-06T00:00:00,687266666,Pengembangan
DEWA,Darma Henwa Tbk,2007-09-26T00:00:00,21853733792,Utama
DFAM,Dafam Property Indonesia Tbk.,2018-04-27T00:00:00,1899852850,Pengembangan
DGIK,Nusa Konstruksi Enjiniring Tbk,2007-12-19T00:00:00,5541165000,Utama
DGNS,Diagnos Laboratorium Utama Tbk,2021-01-15T00:00:00,1250000000,Pengembangan
DIGI,Arkadia Digital Media Tbk.,2018-09-18T00:00:00,1625000000,Pengembangan
DILD,Intiland Development Tbk.,1991-09-04T00:00:00,10365854185,Utama
DIVA,Distribusi Voucher Nusantara T,2018-11-27T00:00:00,714285700,Pengembangan
DKFT,Central Omega Resources Tbk.,1997-11-21T00:00:00,5638246600,Pengembangan
DLTA,Delta Djakarta Tbk.,1984-02-27T00:00:00,800659050,Utama
DMAS,Puradelta Lestari Tbk.,2015-05-29T00:00:00,48198111100,Utama
DMMX,Digital Mediatama Maxima Tbk.,2019-10-21T00:00:00,7692307700,Pengembangan
DMND,Diamond Food Indonesia Tbk.,2020-01-22T00:00:00,9468359000,Utama
DNAR,Bank Oke Indonesia Tbk.,2014-07-11T00:00:00,11447006258,Utama
DNET,Indoritel Makmur Internasional,2000-12-11T00:00:00,14184000000,Pengembangan
DOID,Delta Dunia Makmur Tbk.,2001-06-15T00:00:00,8621173232,Utama
DPNS,Duta Pertiwi Nusantara Tbk.,1990-08-08T00:00:00,331129952,Utama
DPUM,Dua Putra Utama Makmur Tbk.,2015-12-08T00:00:00,4175000000,Utama
DSFI,Dharma Samudera Fishing Indust,2000-03-24T00:00:00,1857135500,Utama
DSNG,Dharma Satya Nusantara Tbk.,2013-06-14T00:00:00,10599842400,Utama
DSSA,Dian Swastatika Sentosa Tbk,2009-12-10T00:00:00,770552320,Utama
DUCK,Jaya Bersama Indo Tbk.,2018-10-10T00:00:00,1283330000,UTAMA
DUTI,Duta Pertiwi Tbk,1994-11-02T00:00:00,1850000000,Pengembangan
DVLA,Darya-Varia Laboratoria Tbk.,1994-11-11T00:00:00,1120000000,Utama
DWGL,Dwi Guna Laksana Tbk.,2017-12-13T00:00:00,8711600156,Pengembangan
DYAN,Dyandra Media International Tb,2013-03-25T00:00:00,4272964279,Utama
EAST,Eastparc Hotel Tbk.,2019-07-09T00:00:00,4126366095,Pengembangan
ECII,Electronic City Indonesia Tbk.,2013-07-03T00:00:00,1334333000,Pengembangan
EDGE,Indointernet Tbk.,2021-02-08T00:00:00,404050000,Pengembangan
EKAD,Ekadharma International Tbk.,1990-08-14T00:00:00,698775000,Utama
ELSA,Elnusa Tbk.,2008-02-06T00:00:00,7298500000,Utama
ELTY,Bakrieland Development Tbk.,1995-10-30T00:00:00,43521913019,Utama
EMDE,Megapolitan Developments Tbk.,2011-01-12T00:00:00,3350000000,Pengembangan
EMTK,Elang Mahkota Teknologi Tbk.,2010-01-12T00:00:00,61197518483,Utama
ENRG,Energi Mega Persada Tbk.,2004-06-07T00:00:00,10342179272,Pengembangan
ENVY,Envy Technologies Indonesia Tb,2019-07-08T00:00:00,1800000000,Pengembangan
ENZO,Morenzo Abadi Perkasa Tbk.,2020-09-14T00:00:00,2162545002,Pengembangan
EPAC,Megalestari Epack Sentosaraya ,2020-07-01T00:00:00,3303400000,Pengembangan
EPMT,Enseval Putera Megatrading Tbk,1994-08-01T00:00:00,2708640000,Pengembangan
ERAA,Erajaya Swasembada Tbk.,2011-12-14T00:00:00,15950000000,Utama
ERTX,Eratex Djaja Tbk.,1990-08-21T00:00:00,1286539792,Pengembangan
ESIP,Sinergi Inti Plastindo Tbk.,2019-11-14T00:00:00,640001405,Pengembangan
ESSA,Surya Esa Perkasa Tbk.,2012-02-01T00:00:00,15660887000,Utama
ESTA,Esta Multi Usaha Tbk.,2020-03-09T00:00:00,630000000,Pengembangan
ESTI,Ever Shine Tex Tbk.,1992-10-13T00:00:00,2015208720,Utama
ETWA,Eterindo Wahanatama Tbk,1997-05-16T00:00:00,968297000,Utama
EXCL,XL Axiata Tbk.,2005-09-29T00:00:00,10724674776,Utama
FAPA,FAP Agri Tbk.,2021-01-04T00:00:00,3629411800,Pengembangan
FAST,Fast Food Indonesia Tbk.,1993-05-11T00:00:00,3990277158,Pengembangan
FASW,Fajar Surya Wisesa Tbk.,1994-12-19T00:00:00,2477888787,Utama
FILM,MD Pictures Tbk.,2018-08-07T00:00:00,9511217000,Utama
FIMP,Fimperkasa Utama Tbk.,2021-04-09T00:00:00,400000000,Akselerasi
FIRE,Alfa Energi Investama Tbk.,2017-06-09T00:00:00,1475363179,Pengembangan
FISH,FKS Multi Agro Tbk.,2002-01-18T00:00:00,480000000,Pengembangan
FITT,Hotel Fitra International Tbk.,2019-06-11T00:00:00,600000105,Pengembangan
FMII,Fortune Mate Indonesia Tbk,2000-06-30T00:00:00,2721000000,Pengembangan
FOOD,Sentra Food Indonesia Tbk.,2019-01-08T00:00:00,650000000,Pengembangan
FORU,Fortune Indonesia Tbk,2002-01-17T00:00:00,465224000,Pengembangan
FORZ,Forza Land Indonesia Tbk.,2017-04-28T00:00:00,1984009887,Utama
FPNI,Lotte Chemical Titan Tbk.,2002-03-21T00:00:00,5566414000,Pengembangan
FREN,Smartfren Telecom Tbk.,2006-11-29T00:00:00,308075363219,Utama
FUJI,Fuji Finance Indonesia Tbk.,2019-07-09T00:00:00,1105000000,Pengembangan
GAMA,Aksara Global Development Tbk.,2012-07-11T00:00:00,10011027656,Utama
GDST,Gunawan Dianjaya Steel Tbk.,2009-12-23T00:00:00,9242500000,Pengembangan
GDYR,Goodyear Indonesia Tbk.,1980-12-22T00:00:00,410000000,Utama
GEMA,Gema Grahasarana Tbk.,2002-08-12T00:00:00,1600000000,Pengembangan
GEMS,Golden Energy Mines Tbk.,2011-11-17T00:00:00,5882353000,Utama
GGRM,Gudang Garam Tbk.,1990-08-27T00:00:00,1924088000,Utama
GGRP,Gunung Raja Paksi Tbk.,2019-09-19T00:00:00,12111376157,Pengembangan
GHON,Gihon Telekomunikasi Indonesia,2018-04-09T00:00:00,550000000,Utama
GIAA,Garuda Indonesia (Persero) Tbk,2011-02-11T00:00:00,25886576254,Utama
GJTL,Gajah Tunggal Tbk.,1990-05-08T00:00:00,3484800000,Utama
GLOB,Global Teleshop Tbk.,2012-07-10T00:00:00,1111112000,Pengembangan
GLVA,Galva Technologies Tbk.,2019-12-23T00:00:00,1500000000,Pengembangan
GMFI,Garuda Maintenance Facility Ae,2017-10-10T00:00:00,28233511500,Utama
GMTD,Gowa Makassar Tourism Developm,2000-12-11T00:00:00,101538000,Pengembangan
GOLD,Visi Telekomunikasi Infrastruk,2010-07-07T00:00:00,1277276000,Pengembangan
GOLL,Golden Plantation Tbk.,2014-12-23T00:00:00,3665000759,Pengembangan
GOOD,Garudafood Putra Putri Jaya Tb,2018-10-10T00:00:00,7379580291,Utama
GPRA,Perdana Gapuraprima Tbk.,2007-10-10T00:00:00,4276655336,Utama
GSMF,Equity Development Investment ,1989-10-23T00:00:00,7454723337,Pengembangan
GTBO,Garda Tujuh Buana Tbk,2009-07-09T00:00:00,2500000000,Pengembangan
GWSA,Greenwood Sejahtera Tbk.,2011-12-23T00:00:00,7800760000,Utama
GZCO,Gozco Plantations Tbk.,2008-05-15T00:00:00,6000000000,Utama
HADE,Himalaya Energi Perkasa Tbk.,2004-04-12T00:00:00,2120000000,Pengembangan
HDFA,Radana Bhaskara Finance Tbk.,2011-05-10T00:00:00,6096972783,Utama
HDIT,Hensel Davest Indonesia Tbk.,2019-07-12T00:00:00,1524680000,Utama
HDTX,Panasia Indo Resources Tbk.,1990-06-06T00:00:00,3601462800,Utama
HEAL,Medikaloka Hermina Tbk.,2018-05-16T00:00:00,2978000000,Utama
HELI,Jaya Trishindo Tbk.,2018-03-27T00:00:00,832862387,Pengembangan
HERO,Hero Supermarket Tbk.,1989-08-21T00:00:00,4183634000,Utama
HEXA,Hexindo Adiperkasa Tbk.,1995-02-13T00:00:00,840000000,Utama
HITS,Humpuss Intermoda Transportasi,1997-12-15T00:00:00,7101084801,Utama
HKMU,HK Metals Utama Tbk.,2018-10-09T00:00:00,3221750000,Utama
HMSP,H.M. Sampoerna Tbk.,1990-08-15T00:00:00,116318076900,Utama
HOKI,Buyung Poetra Sembada Tbk.,2017-06-22T00:00:00,9677752680,Utama
HOME,Hotel Mandarine Regency Tbk.,2008-07-17T00:00:00,22212194782,Pengembangan
HOMI,Grand House Mulia Tbk.,2020-09-10T00:00:00,787500000,Pengembangan
HOPE,Harapan Duta Pertiwi Tbk.,2021-05-24T00:00:00,2129167000,Pengembangan
HOTL,Saraswati Griya Lestari Tbk.,2013-01-10T00:00:00,3550001452,Utama
HRME,Menteng Heritage Realty Tbk.,2019-04-12T00:00:00,5958750000,Pengembangan
HRTA,Hartadinata Abadi Tbk.,2017-06-21T00:00:00,4605262400,Utama
HRUM,Harum Energy Tbk.,2010-10-06T00:00:00,2703620000,Utama
IATA,Indonesia Transport & Infrastr,2006-09-13T00:00:00,10697665114,Pengembangan
IBFN,Intan Baruprana Finance Tbk.,2014-12-22T00:00:00,1517321249,Pengembangan
IBST,Inti Bangun Sejahtera Tbk.,2012-08-31T00:00:00,1350904927,Utama
ICBP,Indofood CBP Sukses Makmur Tbk,2010-10-07T00:00:00,11661908000,Utama
ICON,Island Concepts Indonesia Tbk.,2005-07-08T00:00:00,1089750000,Pengembangan
IDPR,Indonesia Pondasi Raya Tbk.,2015-12-10T00:00:00,2003000000,Utama
IFII,Indonesia Fibreboard Industry ,2019-12-10T00:00:00,9412000000,Utama
IFSH,Ifishdeco Tbk.,2019-12-05T00:00:00,2125000000,Pengembangan
IGAR,Champion Pacific Indonesia Tbk,1990-11-05T00:00:00,972204500,Utama
IIKP,Inti Agri Resources Tbk,2002-10-14T00:00:00,33600000000,Pengembangan
IKAI,Intikeramik Alamasri Industri ,1997-06-04T00:00:00,13305799387,Utama
IKAN,Era Mandiri Cemerlang Tbk.,2020-02-12T00:00:00,833333000,Pengembangan
IKBI,Sumi Indo Kabel Tbk.,1991-01-21T00:00:00,1224000000,Pengembangan
IMAS,Indomobil Sukses Internasional,1993-11-15T00:00:00,3994291039,Utama
IMJS,Indomobil Multi Jasa Tbk.,2013-12-10T00:00:00,8654325000,Utama
IMPC,Impack Pratama Industri Tbk.,2014-12-17T00:00:00,4833500000,Pengembangan
INAF,Indofarma Tbk.,2001-04-17T00:00:00,3099267500,Utama
INAI,Indal Aluminium Industry Tbk.,1994-12-05T00:00:00,633600000,Pengembangan
INCF,Indo Komoditi Korpora Tbk.,1989-12-18T00:00:00,1438370465,Pengembangan
INCI,Intanwijaya Internasional Tbk,1990-07-24T00:00:00,196121237,Utama
INCO,Vale Indonesia Tbk.,1990-05-16T00:00:00,9936338720,Utama
INDF,Indofood Sukses Makmur Tbk.,1994-07-14T00:00:00,8780426500,Utama
INDO,Royalindo Investa Wijaya Tbk.,2020-01-13T00:00:00,4312067205,Pengembangan
INDR,Indo-Rama Synthetics Tbk.,1990-08-03T00:00:00,654351707,Utama
INDS,Indospring Tbk.,1990-08-10T00:00:00,656249710,Utama
INDX,Tanah Laut Tbk,2001-05-17T00:00:00,437913588,Pengembangan
INDY,Indika Energy Tbk.,2008-06-11T00:00:00,5210192000,Utama
INKP,Indah Kiat Pulp & Paper Tbk.,1990-07-16T00:00:00,5470982941,Utama
INOV,Inocycle Technology Group Tbk.,2019-07-10T00:00:00,1808221900,Pengembangan
INPC,Bank Artha Graha Internasional,1990-08-23T00:00:00,15824867538,Utama
INPP,Indonesian Paradise Property T,2004-12-01T00:00:00,11181971732,Pengembangan
INPS,Indah Prakasa Sentosa Tbk.,2018-04-06T00:00:00,650000000,Pengembangan
INRU,Toba Pulp Lestari Tbk.,1990-06-18T00:00:00,1388883283,Pengembangan
INTA,Intraco Penta Tbk.,1993-08-23T00:00:00,3343935022,Pengembangan
INTD,Inter Delta Tbk,1989-12-18T00:00:00,591828000,Pengembangan
INTP,Indocement Tunggal Prakarsa Tb,1989-12-05T00:00:00,3681231699,Utama
IPCC,Indonesia Kendaraan Terminal T,2018-07-09T00:00:00,1818384820,Utama
IPCM,Jasa Armada Indonesia Tbk.,2017-12-22T00:00:00,5284811100,Pengembangan
IPOL,Indopoly Swakarsa Industry Tbk,2010-07-09T00:00:00,6443379509,Utama
IPTV,MNC Vision Networks Tbk.,2019-07-08T00:00:00,41514046839,Utama
IRRA,Itama Ranoraya Tbk.,2019-10-15T00:00:00,1600000000,Pengembangan
ISAT,Indosat Tbk.,1994-10-19T00:00:00,5433933500,Utama
ISSP,Steel Pipe Industry of Indones,2013-02-22T00:00:00,7185992035,Utama
ITIC,Indonesian Tobacco Tbk.,2019-07-04T00:00:00,940720000,Pengembangan
ITMA,Sumber Energi Andalan Tbk.,1990-12-10T00:00:00,870701000,Pengembangan
ITMG,Indo Tambangraya Megah Tbk.,2007-12-18T00:00:00,1129925000,Utama
JAST,Jasnita Telekomindo Tbk.,2019-05-16T00:00:00,813626700,Pengembangan
JAWA,Jaya Agra Wattie Tbk.,2011-05-30T00:00:00,3774685500,Utama
JAYA,Armada Berjaya Trans Tbk.,2019-02-21T00:00:00,375000105,Pengembangan
JECC,Jembo Cable Company Tbk.,1992-11-18T00:00:00,151200000,Pengembangan
JGLE,Graha Andrasentra Propertindo ,2016-06-29T00:00:00,22581909405,Pengembangan
JIHD,Jakarta International Hotels &,1984-02-29T00:00:00,2329040482,Pengembangan
JKON,Jaya Konstruksi Manggala Prata,2007-12-04T00:00:00,16308519860,Utama
JKSW,Jakarta Kyoei Steel Works Tbk.,1997-08-06T00:00:00,150000000,Pengembangan
JMAS,Asuransi Jiwa Syariah Jasa Mit,2017-12-18T00:00:00,1000000000,Pengembangan
JPFA,Japfa Comfeed Indonesia Tbk.,1989-10-23T00:00:00,11726575201,Utama
JRPT,Jaya Real Property Tbk.,1994-06-29T00:00:00,13750000000,Utama
JSKY,Sky Energy Indonesia Tbk.,2018-03-28T00:00:00,2032540000,Utama
JSMR,Jasa Marga (Persero) Tbk.,2007-11-12T00:00:00,7257871200,Utama
JSPT,Jakarta Setiabudi Internasiona,1998-01-12T00:00:00,2318736000,Pengembangan
JTPE,Jasuindo Tiga Perkasa Tbk.,2002-04-16T00:00:00,1713012500,Pengembangan
KAEF,Kimia Farma Tbk.,2001-07-04T00:00:00,5554000000,Utama
KARW,ICTSI Jasa Prima Tbk.,1994-12-20T00:00:00,587152700,Pengembangan
KAYU,Darmi Bersaudara Tbk.,2019-07-04T00:00:00,665000000,Pengembangan
KBAG,Karya Bersama Anugerah Tbk.,2020-04-08T00:00:00,7150001106,Pengembangan
KBLI,KMI Wire & Cable Tbk.,1992-07-06T00:00:00,4007235107,Utama
KBLM,Kabelindo Murni Tbk.,1992-06-01T00:00:00,1120000000,Pengembangan
KBLV,First Media Tbk.,2000-02-25T00:00:00,1742167907,Pengembangan
KBRI,Kertas Basuki Rachmat Indonesi,2008-07-11T00:00:00,8687995734,Pengembangan
KDSI,Kedawung Setia Industrial Tbk.,1996-07-29T00:00:00,405000000,Pengembangan
KEEN,Kencana Energi Lestari Tbk.,2019-09-02T00:00:00,3666312500,Utama
KEJU,Mulia Boga Raya Tbk.,2019-11-25T00:00:00,1500000000,Pengembangan
KIAS,Keramika Indonesia Assosiasi T,1994-12-08T00:00:00,14929100000,Pengembangan
KICI,Kedaung Indah Can Tbk,1993-10-28T00:00:00,276000000,Utama
KIJA,Kawasan Industri Jababeka Tbk.,1995-01-10T00:00:00,20824888369,Utama
KINO,Kino Indonesia Tbk.,2015-12-11T00:00:00,1428571500,Utama
KIOS,Kioson Komersial Indonesia Tbk,2017-10-05T00:00:00,717239900,Pengembangan
KJEN,Krida Jaringan Nusantara Tbk.,2019-07-01T00:00:00,500000000,Pengembangan
KKGI,Resource Alam Indonesia Tbk.,1991-07-01T00:00:00,5000000000,Utama
KLBF,Kalbe Farma Tbk.,1991-07-30T00:00:00,46875122110,Utama
KMDS,Kurniamitra Duta Sentosa Tbk.,2020-09-07T00:00:00,800000000,Pengembangan
KMTR,Kirana Megatara Tbk.,2017-06-19T00:00:00,8215366379,Pengembangan
KOBX,Kobexindo Tractors Tbk.,2012-07-05T00:00:00,2272500000,Utama
KOIN,Kokoh Inti Arebama Tbk,2008-04-09T00:00:00,980843732,Pengembangan
KONI,Perdana Bangun Pusaka Tbk,1995-08-22T00:00:00,252000000,Pengembangan
KOPI,Mitra Energi Persada Tbk.,2001-04-23T00:00:00,697266668,Pengembangan
KOTA,DMS Propertindo Tbk.,2019-07-09T00:00:00,10546185701,Utama
KPAL,Steadfast Marine Tbk.,2018-06-08T00:00:00,1069009400,Utama
KPAS,Cottonindo Ariesta Tbk.,2018-10-05T00:00:00,768042882,Pengembangan
KPIG,MNC Land Tbk.,2000-03-30T00:00:00,80625726664,Pengembangan
KRAH,Grand Kartech Tbk.,2013-11-08T00:00:00,971190000,Pengembangan
KRAS,Krakatau Steel (Persero) Tbk.,2010-11-10T00:00:00,19346396900,Utama
KREN,Kresna Graha Investama Tbk.,2002-06-28T00:00:00,18208470100,Utama
LABA,Ladangbaja Murni Tbk.,2021-06-10T00:00:00,1000000000,Pengembangan
LAND,Trimitra Propertindo Tbk.,2018-08-23T00:00:00,2792620000,Pengembangan
LAPD,Leyand International Tbk.,2001-07-17T00:00:00,3966350139,Pengembangan
LCGP,Eureka Prima Jakarta Tbk.,2007-07-13T00:00:00,5630000914,Pengembangan
LCKM,LCK Global Kedaton Tbk.,2018-01-16T00:00:00,1000000000,Pengembangan
LEAD,Logindo Samudramakmur Tbk.,2013-12-11T00:00:00,4049616328,Utama
LFLO,Imago Mulia Persada Tbk.,2021-04-05T00:00:00,1300000000,Akselerasi
LIFE,Asuransi Jiwa Sinarmas MSIG Tb,2019-07-09T00:00:00,2100000000,Utama
LINK,Link Net Tbk.,2014-06-02T00:00:00,2863195484,Utama
LION,Lion Metal Works Tbk.,1993-08-20T00:00:00,520160000,Utama
LMAS,Limas Indonesia Makmur Tbk,2001-12-28T00:00:00,787851525,Pengembangan
LMPI,Langgeng Makmur Industri Tbk.,1994-10-17T00:00:00,1008517669,Pengembangan
LMSH,Lionmesh Prima Tbk.,1990-06-04T00:00:00,96000000,Pengembangan
LPCK,Lippo Cikarang Tbk,1997-07-24T00:00:00,2679600000,Utama
LPGI,Lippo General Insurance Tbk.,1997-07-22T00:00:00,150000000,Utama
LPIN,Multi Prima Sejahtera Tbk,1990-02-05T00:00:00,425000000,Pengembangan
LPKR,Lippo Karawaci Tbk.,1996-06-28T00:00:00,70898018369,Utama
LPLI,Star Pacific Tbk,1989-10-23T00:00:00,1170432803,Pengembangan
LPPF,Matahari Department Store Tbk.,1989-10-10T00:00:00,2626148780,Utama
LPPS,Lenox Pasifik Investama Tbk.,1994-03-28T00:00:00,2588250000,Pengembangan
LRNA,Eka Sari Lorena Transport Tbk.,2014-04-15T00:00:00,350000022,Pengembangan
LSIP,PP London Sumatra Indonesia Tb,1996-07-05T00:00:00,6822863965,Utama
LTLS,Lautan Luas Tbk.,1997-07-21T00:00:00,1560000000,Utama
LUCK,Sentral Mitra Informatika Tbk.,2018-11-28T00:00:00,715749640,Pengembangan
LUCY,Lima Dua Lima Tiga Tbk.,2021-05-05T00:00:00,1035000000,Akselerasi
MABA,Marga Abhinaya Abadi Tbk.,2017-06-22T00:00:00,15365229912,PENGEMBANGAN
MAGP,Multi Agro Gemilang Plantation,2013-01-16T00:00:00,9000000004,Pengembangan
MAIN,Malindo Feedmill Tbk.,2006-02-10T00:00:00,2238750000,Utama
MAMI,Mas Murni Indonesia Tbk,1994-02-09T00:00:00,12299116371,Utama
MAPA,Map Aktif Adiperkasa Tbk.,2018-07-05T00:00:00,2850400000,Pengembangan
MAPB,MAP Boga Adiperkasa Tbk.,2017-06-21T00:00:00,2170922900,Pengembangan
MAPI,Mitra Adiperkasa Tbk.,2004-11-10T00:00:00,16600000000,Utama
MARI,Mahaka Radio Integra Tbk.,2016-02-11T00:00:00,5252644000,Pengembangan
MARK,Mark Dynamics Indonesia Tbk.,2017-07-12T00:00:00,3800000310,Utama
MASA,Multistrada Arah Sarana Tbk.,2005-06-09T00:00:00,9182946945,Utama
MAYA,Bank Mayapada Internasional Tb,1997-08-29T00:00:00,11714045161,Utama
MBAP,Mitrabara Adiperdana Tbk.,2014-07-10T00:00:00,1227271952,Pengembangan
MBSS,Mitrabahtera Segara Sejati Tbk,2011-04-06T00:00:00,1750026639,Utama
MBTO,Martina Berto Tbk.,2011-01-13T00:00:00,1070000000,Utama
MCAS,M Cash Integrasi Tbk.,2017-11-01T00:00:00,867933300,Pengembangan
MCOR,Bank China Construction Bank I,2007-07-03T00:00:00,37540533209,Utama
MDIA,Intermedia Capital Tbk.,2014-04-11T00:00:00,39215538400,Utama
MDKA,Merdeka Copper Gold Tbk.,2015-06-19T00:00:00,22904850815,Pengembangan
MDKI,Emdeki Utama Tbk.,2017-09-25T00:00:00,2530150002,Pengembangan
MDLN,Modernland Realty Tbk.,1993-01-18T00:00:00,12533067322,Utama
MDRN,Modern Internasional Tbk.,1991-07-16T00:00:00,7632167798,Utama
MEDC,Medco Energi Internasional Tbk,1994-10-12T00:00:00,25136231252,Utama
MEGA,Bank Mega Tbk.,2000-04-17T00:00:00,6894138227,Utama
MERK,Merck Tbk.,1981-07-23T00:00:00,448000000,Pengembangan
META,Nusantara Infrastructure Tbk.,2001-07-18T00:00:00,17710708194,Utama
MFIN,Mandala Multifinance Tbk.,2005-09-06T00:00:00,2650000000,Pengembangan
MFMI,Multifiling Mitra Indonesia Tb,2010-12-29T00:00:00,757581000,Pengembangan
MGLV,Panca Anugrah Wisesa Tbk.,2021-06-08T00:00:00,1900000000,Akselerasi
MGNA,Magna Investama Mandiri Tbk.,2014-07-07T00:00:00,1003080977,Pengembangan
MGRO,Mahkota Group Tbk.,2018-07-12T00:00:00,3554445700,Utama
MICE,Multi Indocitra Tbk.,2005-12-21T00:00:00,600000000,Pengembangan
MIDI,Midi Utama Indonesia Tbk.,2010-11-30T00:00:00,2882353000,Pengembangan
MIKA,Mitra Keluarga Karyasehat Tbk.,2015-03-24T00:00:00,14246349500,Utama
MINA,Sanurhasta Mitra Tbk.,2017-04-28T00:00:00,6562500000,Pengembangan
MIRA,Mitra International Resources ,1997-01-30T00:00:00,3961452039,Pengembangan
MITI,Mitra Investindo Tbk.,1997-07-16T00:00:00,2442988366,Pengembangan
MKNT,Mitra Komunikasi Nusantara Tbk,2015-10-26T00:00:00,5500000000,Pengembangan
MKPI,Metropolitan Kentjana Tbk.,2009-07-10T00:00:00,948194000,Pengembangan
MLBI,Multi Bintang Indonesia Tbk.,1981-12-15T00:00:00,2107000000,Utama
MLIA,Mulia Industrindo Tbk,1994-01-17T00:00:00,1323000000,Pengembangan
MLPL,Multipolar Tbk.,1989-11-06T00:00:00,14639632470,Utama
MLPT,Multipolar Technology Tbk.,2013-07-08T00:00:00,1875000000,Utama
MMLP,Mega Manunggal Property Tbk.,2015-06-12T00:00:00,6889134608,Pengembangan
MNCN,Media Nusantara Citra Tbk.,2007-06-22T00:00:00,15049787710,Utama
MOLI,Madusari Murni Indah Tbk.,2018-08-30T00:00:00,2334888498,Pengembangan
MPMX,Mitra Pinasthika Mustika Tbk.,2013-05-29T00:00:00,4462963276,Utama
MPOW,Megapower Makmur Tbk.,2017-07-06T00:00:00,816997053,Pengembangan
MPPA,Matahari Putra Prima Tbk.,1992-12-21T00:00:00,7529147920,Utama
MPRO,Maha Properti Indonesia Tbk.,2018-10-09T00:00:00,9942500000,Pengembangan
MRAT,Mustika Ratu Tbk.,1995-07-27T00:00:00,428000000,Utama
MREI,Maskapai Reasuransi Indonesia ,1989-09-04T00:00:00,517791681,Pengembangan
MSIN,MNC Studios International Tbk.,2018-06-08T00:00:00,11444400000,Utama
MSKY,MNC Sky Vision Tbk.,2012-07-09T00:00:00,1994370480,Utama
MTDL,Metrodata Electronics Tbk.,1990-04-09T00:00:00,2455376917,Utama
MTFN,Capitalinc Investment Tbk.,1990-04-16T00:00:00,31842082852,Pengembangan
MTLA,Metropolitan Land Tbk.,2011-06-20T00:00:00,7655126330,Utama
MTPS,Meta Epsi Tbk.,2019-04-10T00:00:00,2084850829,Pengembangan
MTRA,Mitra Pemuda Tbk.,2016-02-10T00:00:00,770000000,Pengembangan
MTSM,Metro Realty Tbk.,1992-01-08T00:00:00,232848000,Pengembangan
MTWI,Malacca Trust Wuwungan Insuran,2017-10-11T00:00:00,1525819116,Pengembangan
MYOH,Samindo Resources Tbk.,2000-07-27T00:00:00,2206312500,Utama
MYOR,Mayora Indah Tbk.,1990-07-04T00:00:00,22358699725,Utama
MYRX,Hanson International Tbk.,1990-10-31T00:00:00,86703220792,Pengembangan
MYTX,Asia Pacific Investama Tbk.,1989-10-10T00:00:00,7747281949,Utama
NASA,Andalan Perkasa Abadi Tbk.,2017-08-07T00:00:00,11004929322,Pengembangan
NATO,Surya Permata Andalan Tbk.,2019-01-18T00:00:00,8001094404,Pengembangan
NELY,Pelayaran Nelly Dwi Putri Tbk.,2012-10-11T00:00:00,2350000000,Pengembangan
NFCX,NFC Indonesia Tbk.,2018-07-12T00:00:00,666667500,Pengembangan
NICK,Charnic Capital Tbk.,2018-05-02T00:00:00,651150000,Pengembangan
NIKL,Pelat Timah Nusantara Tbk.,2009-12-14T00:00:00,2523350000,Utama
NIPS,Nipress Tbk.,1991-07-24T00:00:00,1635333332,Pengembangan
NIRO,City Retail Developments Tbk.,2012-09-13T00:00:00,22198871804,Pengembangan
NISP,Bank OCBC NISP Tbk.,1994-10-20T00:00:00,22715776032,Utama
NOBU,Bank Nationalnobu Tbk.,2013-05-20T00:00:00,4393533177,Utama
NPGF,Nusa Palapa Gemilang Tbk.,2021-04-14T00:00:00,3240235840,Utama
NRCA,Nusa Raya Cipta Tbk.,2013-06-27T00:00:00,2496258344,Utama
NUSA,Sinergi Megah Internusa Tbk.,2018-07-12T00:00:00,7700000148,Pengembangan
NZIA,Nusantara Almazia Tbk.,2019-09-25T00:00:00,2197540705,Utama
OASA,Protech Mitra Perkasa Tbk.,2016-07-18T00:00:00,358600000,Pengembangan
OCAP,Onix Capital Tbk.,2003-11-10T00:00:00,273200000,Pengembangan
OKAS,Ancora Indonesia Resources Tbk,2006-04-17T00:00:00,1765927777,Pengembangan
OMRE,Indonesia Prima Property Tbk,1994-08-22T00:00:00,1745000000,Pengembangan
OPMS,Optima Prima Metal Sinergi Tbk,2019-09-23T00:00:00,1000000000,Pengembangan
PADI,Minna Padi Investama Sekuritas,2012-01-09T00:00:00,11307246524,Utama
PALM,Provident Agro Tbk.,2012-10-08T00:00:00,7119540356,Pengembangan
PAMG,Bima Sakti Pertiwi Tbk.,2019-07-05T00:00:00,3125000000,Utama
PANI,Pratama Abadi Nusa Industri Tb,2018-09-18T00:00:00,410000000,Pengembangan
PANR,Panorama Sentrawisata Tbk.,2001-09-18T00:00:00,1200000000,Utama
PANS,Panin Sekuritas Tbk.,2000-05-31T00:00:00,720000000,Utama
PBID,Panca Budi Idaman Tbk.,2017-12-13T00:00:00,1875000000,Utama
PBRX,Pan Brothers Tbk.,1990-08-16T00:00:00,6478295611,Utama
PBSA,Paramita Bangun Sarana Tbk.,2016-09-28T00:00:00,1500000000,Utama
PCAR,Prima Cakrawala Abadi Tbk.,2017-12-29T00:00:00,1166666700,Pengembangan
PDES,Destinasi Tirta Nusantara Tbk,2008-07-08T00:00:00,715000000,Pengembangan
PEGE,Panca Global Kapital Tbk.,2005-06-24T00:00:00,2833417056,Pengembangan
PEHA,Phapros Tbk.,1911-01-01T00:00:00,840000000,Utama
PGAS,Perusahaan Gas Negara Tbk.,2003-12-15T00:00:00,24241508196,Utama
PGJO,Tourindo Guide Indonesia Tbk.,2020-01-08T00:00:00,723859095,Akselerasi
PGLI,Pembangunan Graha Lestari Inda,2000-05-11T00:00:00,488000000,Pengembangan
PGUN,Pradiksi Gunatama Tbk.,2020-07-07T00:00:00,4998360000,Utama
PICO,Pelangi Indah Canindo Tbk,1996-09-23T00:00:00,568375000,Pengembangan
PJAA,Pembangunan Jaya Ancol Tbk.,2004-07-02T00:00:00,1599999996,Utama
PKPK,Perdana Karya Perkasa Tbk,2007-07-11T00:00:00,600000000,Pengembangan
PLAN,Planet Properindo Jaya Tbk.,2020-09-15T00:00:00,892856800,Akselerasi
PLAS,Polaris Investama Tbk,2001-03-16T00:00:00,1184200000,Pengembangan
PLIN,Plaza Indonesia Realty Tbk.,1992-06-15T00:00:00,3550000000,Utama
PMJS,Putra Mandiri Jembar Tbk.,2019-12-18T00:00:00,13755600000,Pengembangan
PMMP,Panca Mitra Multiperdana Tbk.,2020-12-18T00:00:00,2353000000,Utama
PNBN,Bank Pan Indonesia Tbk,1982-12-29T00:00:00,23837645998,Utama
PNBS,Bank Panin Dubai Syariah Tbk.,2014-01-15T00:00:00,38425504906,Utama
PNGO,Pinago Utama Tbk.,2020-08-31T00:00:00,781250000,Pengembangan
PNIN,Paninvest Tbk.,1983-09-20T00:00:00,4068323920,Utama
PNLF,Panin Financial Tbk.,1983-06-14T00:00:00,32022073293,Utama
PNSE,Pudjiadi & Sons Tbk.,1990-05-01T00:00:00,797813496,Pengembangan
POLA,Pool Advista Finance Tbk.,2018-11-16T00:00:00,2727886300,Pengembangan
POLI,Pollux Investasi Internasional,2019-01-10T00:00:00,2010526400,Pengembangan
POLL,Pollux Properti Indonesia Tbk.,2018-07-11T00:00:00,8318823600,Utama
POLU,Golden Flower Tbk.,2019-06-26T00:00:00,750000000,Pengembangan
POLY,Asia Pacific Fibers Tbk,1991-03-12T00:00:00,2495753334,Pengembangan
POOL,Pool Advista Indonesia Tbk.,1991-05-20T00:00:00,2341366264,Pengembangan
PORT,Nusantara Pelabuhan Handal Tbk,2017-03-16T00:00:00,2813941985,Pengembangan
POSA,Bliss Properti Indonesia Tbk.,2019-05-10T00:00:00,8388870206,Pengembangan
POWR,Cikarang Listrindo Tbk.,2016-06-14T00:00:00,16087156000,Pengembangan
PPGL,Prima Globalindo Logistik Tbk.,2020-07-20T00:00:00,750020040,Akselerasi
PPRE,PP Presisi Tbk.,2017-11-24T00:00:00,10224271000,Utama
PPRO,PP Properti Tbk.,2015-05-19T00:00:00,61675671883,Utama
PRAS,Prima Alloy Steel Universal Tb,1990-07-12T00:00:00,701043478,Utama
PRDA,Prodia Widyahusada Tbk.,2016-12-07T00:00:00,937500000,Utama
PRIM,Royal Prima Tbk.,2018-05-15T00:00:00,3393434905,Pengembangan
PSAB,J Resources Asia Pasifik Tbk.,2003-04-22T00:00:00,26460000000,Pengembangan
PSDN,Prasidha Aneka Niaga Tbk,1994-10-18T00:00:00,1440000000,Pengembangan
PSGO,Palma Serasih Tbk.,2019-11-25T00:00:00,18850000000,Pengembangan
PSKT,Red Planet Indonesia Tbk.,1995-09-29T00:00:00,10351231636,Pengembangan
PSSI,Pelita Samudera Shipping Tbk.,2017-12-05T00:00:00,5417063153,Utama
PTBA,Bukit Asam Tbk.,2002-12-23T00:00:00,11520659250,Utama
PTDU,Djasa Ubersakti Tbk.,2020-12-08T00:00:00,1500000000,Pengembangan
PTIS,Indo Straits Tbk.,2011-07-12T00:00:00,550165300,Utama
PTPP,PP (Persero) Tbk.,2010-02-09T00:00:00,6199897354,Utama
PTPW,Pratama Widya Tbk.,2020-02-07T00:00:00,878187500,Pengembangan
PTRO,Petrosea Tbk.,1990-05-21T00:00:00,1008605000,Utama
PTSN,Sat Nusapersada Tbk,2007-11-08T00:00:00,5314344000,Utama
PTSP,Pioneerindo Gourmet Internatio,1994-05-30T00:00:00,220808000,Pengembangan
PUDP,Pudjiadi Prestige Tbk.,1994-11-18T00:00:00,329560000,Utama
PURA,Putra Rajawali Kencana Tbk.,2020-01-29T00:00:00,5774442831,Pengembangan
PURE,Trinitan Metals and Minerals T,2019-10-09T00:00:00,1375181505,Utama
PURI,Puri Global Sukses Tbk.,2020-09-08T00:00:00,1000000000,Pengembangan
PWON,Pakuwon Jati Tbk.,1989-10-09T00:00:00,48159602400,Utama
PYFA,Pyridam Farma Tbk,2001-10-16T00:00:00,535080000,Pengembangan
PZZA,Sarimelati Kencana Tbk.,2018-05-23T00:00:00,3021875000,Utama
RAJA,Rukun Raharja Tbk.,2006-04-19T00:00:00,4227082500,Utama
RALS,Ramayana Lestari Sentosa Tbk.,1996-07-24T00:00:00,7096000000,Utama
RANC,Supra Boga Lestari Tbk.,2012-06-07T00:00:00,1564487500,Utama
RBMS,Ristia Bintang Mahkotasejati T,1997-12-19T00:00:00,2656212826,Utama
RDTX,Roda Vivatex Tbk,1990-05-14T00:00:00,268800000,Utama
REAL,Repower Asia Indonesia Tbk.,2019-12-06T00:00:00,6633610151,Pengembangan
RELI,Reliance Sekuritas Indonesia T,2005-07-13T00:00:00,1800000000,Utama
RICY,Ricky Putra Globalindo Tbk,1998-01-22T00:00:00,641717510,Utama
RIGS,Rig Tenders Indonesia Tbk.,1990-03-05T00:00:00,609130000,Pengembangan
RIMO,Rimo International Lestari Tbk,2000-11-10T00:00:00,45080600000,Pengembangan
RISE,Jaya Sukses Makmur Sentosa Tbk,2018-07-09T00:00:00,9950000000,Pengembangan
RMBA,Bentoel Internasional Investam,1990-03-05T00:00:00,36401136250,Utama
ROCK,Rockfields Properti Indonesia ,2020-09-10T00:00:00,1435185100,Pengembangan
RODA,Pikko Land Development Tbk.,2001-10-22T00:00:00,13592128209,Pengembangan
RONY,Aesler Grup Internasional Tbk.,2020-04-09T00:00:00,1250000000,Pengembangan
ROTI,Nippon Indosari Corpindo Tbk.,2010-06-28T00:00:00,6186488888,Utama
RUIS,Radiant Utama Interinsco Tbk.,2006-07-12T00:00:00,770000000,Pengembangan
SAFE,Steady Safe Tbk,1994-08-15T00:00:00,615145012,Pengembangan
SAME,Sarana Meditama Metropolitan T,2013-01-11T00:00:00,11899710000,Pengembangan
SAMF,Saraswanti Anugerah Makmur Tbk,2020-03-31T00:00:00,5125000000,Utama
SAPX,Satria Antaran Prima Tbk.,2018-10-03T00:00:00,833333300,Pengembangan
SATU,Kota Satu Properti Tbk.,2018-11-05T00:00:00,1375000000,Pengembangan
SBAT,Sejahtera Bintang Abadi Textil,2020-04-08T00:00:00,2148904505,Pengembangan
SCCO,Supreme Cable Manufacturing & ,1982-07-20T00:00:00,205583400,Utama
SCMA,Surya Citra Media Tbk.,2002-07-16T00:00:00,14779091301,Utama
SCNP,Selaras Citra Nusantara Perkas,2020-09-07T00:00:00,2500000000,Pengembangan
SCPI,Organon Pharma Indonesia Tbk.,1990-06-08T00:00:00,3600000,Pengembangan
SDMU,Sidomulyo Selaras Tbk.,2011-07-12T00:00:00,1135225000,Pengembangan
SDPC,Millennium Pharmacon Internati,1990-05-07T00:00:00,1274000000,Utama
SDRA,Bank Woori Saudara Indonesia 1,2006-12-15T00:00:00,6515116991,Utama
SFAN,Surya Fajar Capital Tbk.,2019-06-19T00:00:00,1359934021,Pengembangan
SGER,Sumber Global Energy Tbk.,2020-08-10T00:00:00,1667470285,Utama
SGRO,Sampoerna Agro Tbk.,2007-06-18T00:00:00,1890000000,Utama
SHID,Hotel Sahid Jaya International,1990-05-08T00:00:00,1119326168,Pengembangan
SHIP,Sillo Maritime Perdana Tbk.,2016-06-16T00:00:00,2719790000,Pengembangan
SIDO,Industri Jamu dan Farmasi Sido,2013-12-18T00:00:00,30000000000,Utama
SILO,Siloam International Hospitals,2013-09-12T00:00:00,1625765625,Utama
SIMA,Siwani Makmur Tbk,1994-06-03T00:00:00,442589871,PENGEMBANGAN
SIMP,Salim Ivomas Pratama Tbk.,2011-06-09T00:00:00,15816310000,Utama
SINI,Singaraja Putra Tbk.,2019-11-08T00:00:00,466429450,Pengembangan
SIPD,Sreeya Sewu Indonesia Tbk.,1996-12-27T00:00:00,1339102579,Pengembangan
SKBM,Sekar Bumi Tbk.,1993-01-05T00:00:00,1726003217,Pengembangan
SKLT,Sekar Laut Tbk.,1993-09-08T00:00:00,690740500,Pengembangan
SKRN,Superkrane Mitra Utama Tbk.,2018-10-11T00:00:00,1500000000,Pengembangan
SKYB,Northcliff Citranusa Indonesia,2010-07-07T00:00:00,585000000,Pengembangan
SLIS,Gaya Abadi Sempurna Tbk.,2019-10-07T00:00:00,2000000000,Pengembangan
SMAR,Smart Tbk.,1992-11-20T00:00:00,2872193366,Pengembangan
SMBR,Semen Baturaja (Persero) Tbk.,2013-06-28T00:00:00,9932534336,Utama
SMCB,Solusi Bangun Indonesia Tbk.,1977-08-10T00:00:00,7662900000,Utama
SMDM,Suryamas Dutamakmur Tbk.,1995-10-12T00:00:00,4772138237,Pengembangan
SMDR,Samudera Indonesia  Tbk.,1999-12-05T00:00:00,3275120000,Utama
SMGR,Semen Indonesia (Persero) Tbk.,1991-07-08T00:00:00,5931520000,Utama
SMKL,Satyamitra Kemas Lestari Tbk.,2019-07-11T00:00:00,3400000045,Utama
SMMA,Sinarmas Multiartha Tbk.,1995-07-05T00:00:00,6367664717,Utama
SMMT,Golden Eagle Energy Tbk.,2000-02-29T00:00:00,3150000000,Pengembangan
SMRA,Summarecon Agung Tbk.,1990-05-07T00:00:00,15766218710,Utama
SMRU,SMR Utama Tbk.,2011-10-10T00:00:00,12499385782,Pengembangan
SMSM,Selamat Sempurna Tbk.,1996-09-09T00:00:00,5758675440,Utama
SNLK,Sunter Lakeside Hotel Tbk.,2021-03-29T00:00:00,450000000,Pengembangan
SOCI,Soechi Lines Tbk.,2014-12-03T00:00:00,7059000000,Utama
SOFA,Boston Furniture Industries Tb,2020-07-07T00:00:00,1650016150,Akselerasi
SOHO,Soho Global Health Tbk.,2020-09-08T00:00:00,1269168239,Utama
SONA,Sona Topas Tourism Industry Tb,1992-07-21T00:00:00,331200000,Utama
SOSS,Shield On Service Tbk.,2018-11-06T00:00:00,657589505,Pengembangan
SOTS,Satria Mega Kencana Tbk.,2018-12-10T00:00:00,1000000005,Pengembangan
SPMA,Suparma Tbk.,1994-11-16T00:00:00,2114570958,Utama
SPTO,Surya Pertiwi Tbk.,2018-05-14T00:00:00,2700000000,Pengembangan
SQMI,Wilton Makmur Indonesia Tbk.,2004-07-15T00:00:00,15537591429,Pengembangan
SRAJ,Sejahteraraya Anugrahjaya Tbk.,2011-04-11T00:00:00,12000705445,Utama
SRIL,Sri Rejeki Isman Tbk.,2013-06-17T00:00:00,20452176844,Utama
SRSN,Indo Acidatama Tbk,1993-01-11T00:00:00,6020000000,Utama
SRTG,Saratoga Investama Sedaya Tbk.,2013-06-26T00:00:00,13564835000,Pengembangan
SSIA,Surya Semesta Internusa Tbk.,1997-03-27T00:00:00,4705249440,Utama
SSMS,Sawit Sumbermas Sarana Tbk.,2013-12-12T00:00:00,9525000000,Utama
SSTM,Sunson Textile Manufacture Tbk,1997-08-20T00:00:00,1170909181,Pengembangan
STAR,Buana Artha Anugerah Tbk.,2011-07-13T00:00:00,4800000602,Utama
STTP,Siantar Top Tbk.,1996-12-16T00:00:00,1310000000,Pengembangan
SUGI,Sugih Energy Tbk.,2002-06-19T00:00:00,24811541414,Pengembangan
SULI,SLJ Global Tbk.,1994-03-21T00:00:00,3986916802,Utama
SUPR,Solusi Tunas Pratama Tbk.,2011-10-11T00:00:00,1137579698,Pengembangan
SURE,Super Energy Tbk.,2018-10-05T00:00:00,1497576771,Pengembangan
SWAT,Sriwahana Adityakarta Tbk.,2018-06-08T00:00:00,3019200000,Pengembangan
TALF,Tunas Alfin Tbk.,2001-02-12T00:00:00,1353435000,Pengembangan
TAMA,Lancartama Sejati Tbk.,2020-02-10T00:00:00,1000000005,Pengembangan
TAMU,Pelayaran Tamarin Samudra Tbk.,2017-05-10T00:00:00,37500000000,Pengembangan
TAPG,Triputra Agro Persada Tbk.,2021-04-12T00:00:00,19852540000,Utama
TARA,Agung Semesta Sejahtera Tbk.,2014-07-11T00:00:00,10069645750,Utama
TAXI,Express Transindo Utama Tbk.,2012-11-02T00:00:00,10223647156,Utama
TBIG,Tower Bersama Infrastructure T,2010-10-26T00:00:00,22656999445,Utama
TBLA,Tunas Baru Lampung Tbk.,2000-02-14T00:00:00,5342098939,Utama
TBMS,Tembaga Mulia Semanan Tbk.,1990-05-23T00:00:00,367340000,Pengembangan
TCID,Mandom Indonesia Tbk.,1993-09-30T00:00:00,201066667,Utama
TCPI,Transcoal Pacific Tbk.,2018-07-06T00:00:00,5000000000,Pengembangan
TDPM,Tridomain Performance Material,2018-04-09T00:00:00,10485050500,Utama
TEBE,Dana Brata Luhur Tbk.,2019-11-18T00:00:00,1285000000,Pengembangan
TECH,Indosterling Technomedia Tbk.,2020-06-04T00:00:00,1256300000,Pengembangan
TELE,Tiphone Mobile Indonesia Tbk.,2012-01-12T00:00:00,7302194889,Utama
TFAS,Telefast Indonesia Tbk.,2019-09-17T00:00:00,1666666500,Pengembangan
TFCO,Tifico Fiber Indonesia Tbk.,1980-02-26T00:00:00,4823076400,Pengembangan
TGKA,Tigaraksa Satria Tbk.,1990-06-11T00:00:00,918492750,Pengembangan
TGRA,Terregra Asia Energy Tbk.,2017-05-16T00:00:00,2750000000,Utama
TIFA,KDB Tifa Finance Tbk.,2011-07-08T00:00:00,1079700000,Pengembangan
TINS,Timah Tbk.,1995-10-19T00:00:00,7447753454,Utama
TIRA,Tira Austenite Tbk,1993-07-27T00:00:00,588000000,Pengembangan
TIRT,Tirta Mahakam Resources Tbk,1999-12-13T00:00:00,1011774750,Utama
TKIM,Pabrik Kertas Tjiwi Kimia Tbk.,1990-04-03T00:00:00,3113223570,Utama
TLKM,Telkom Indonesia (Persero) Tbk,1995-11-14T00:00:00,99062216600,Utama
TMAS,Temas Tbk.,2003-07-09T00:00:00,5705150000,Utama
TMPO,Tempo Intimedia Tbk.,2001-01-08T00:00:00,1058333250,Pengembangan
TNCA,Trimuda Nuansa Citra Tbk.,2018-06-28T00:00:00,421640000,Pengembangan
TOBA,TBS Energi Utama Tbk.,2012-07-06T00:00:00,8049964000,Utama
TOPS,Totalindo Eka Persada Tbk.,2017-06-16T00:00:00,33330000000,Utama
TOTL,Total Bangun Persada Tbk.,2006-07-25T00:00:00,3410000000,Utama
TOTO,Surya Toto Indonesia Tbk.,1990-10-30T00:00:00,10320000000,Pengembangan
TOWR,Sarana Menara Nusantara Tbk.,2010-03-08T00:00:00,51014625000,Utama
TOYS,Sunindo Adipersada Tbk.,2020-08-06T00:00:00,1435000000,Pengembangan
TPIA,Chandra Asri Petrochemical Tbk,1996-06-24T00:00:00,17833520260,Pengembangan
TPMA,Trans Power Marine Tbk.,2013-02-20T00:00:00,2633300000,Pengembangan
TRAM,Trada Alam Minera Tbk.,2008-09-10T00:00:00,49643627934,Utama
TRIL,Triwira Insanlestari Tbk.,2008-01-28T00:00:00,1200000000,Pengembangan
TRIM,Trimegah Sekuritas Indonesia T,2000-01-31T00:00:00,7109300000,Utama
TRIN,Perintis Triniti Properti Tbk.,2020-01-15T00:00:00,4373364228,Pengembangan
TRIO,Trikomsel Oke Tbk.,2009-04-14T00:00:00,26007494645,Utama
TRIS,Trisula International Tbk.,2012-06-28T00:00:00,3141443806,Pengembangan
TRJA,Transkon Jaya Tbk.,2020-08-27T00:00:00,1510200000,Pengembangan
TRST,Trias Sentosa Tbk.,1990-07-02T00:00:00,2808000000,Utama
TRUE,Triniti Dinamik Tbk.,2021-06-10T00:00:00,7569850000,Pengembangan
TRUK,Guna Timur Raya Tbk.,2018-05-23T00:00:00,435000000,Pengembangan
TRUS,Trust Finance Indonesia Tbk,2002-11-28T00:00:00,800000000,Pengembangan
TSPC,Tempo Scan Pacific Tbk.,1994-06-17T00:00:00,4500000000,Utama
TUGU,Asuransi Tugu Pratama Indonesi,2018-05-28T00:00:00,1777777800,Pengembangan
TURI,Tunas Ridean Tbk.,1995-05-16T00:00:00,5580000000,Utama
UANG,Pakuan Tbk.,2020-07-06T00:00:00,1210000000,Pengembangan
UCID,Uni-Charm Indonesia Tbk.,2019-12-20T00:00:00,4156572300,Utama
UFOE,Damai Sejahtera Abadi Tbk.,2021-02-01T00:00:00,2287500000,Utama
ULTJ,Ultra Jaya Milk Industry & Tra,1990-07-02T00:00:00,11553528000,Utama
UNIC,Unggul Indah Cahaya Tbk.,1989-11-06T00:00:00,383331363,Utama
UNIQ,Ulima Nitra Tbk.,2021-03-08T00:00:00,3138983000,Utama
UNIT,Nusantara Inti Corpora Tbk,2002-04-18T00:00:00,75422200,Pengembangan
UNSP,Bakrie Sumatera Plantations Tb,1990-03-06T00:00:00,2500162344,Utama
UNTR,United Tractors Tbk.,1989-09-19T00:00:00,3730135136,Utama
UNVR,Unilever Indonesia Tbk.,1982-01-11T00:00:00,38150000000,Utama
URBN,Urban Jakarta Propertindo Tbk.,2018-12-10T00:00:00,3232122589,Pengembangan
VICI,Victoria Care Indonesia Tbk.,2020-12-17T00:00:00,6708000000,Utama
VICO,Victoria Investama Tbk.,2013-07-08T00:00:00,9150094680,Utama
VINS,Victoria Insurance Tbk.,2015-09-28T00:00:00,1460573616,Pengembangan
VIVA,Visi Media Asia Tbk.,2011-11-21T00:00:00,16464270400,Utama
VOKS,Voksel Electric Tbk.,1990-12-20T00:00:00,4155602595,Utama
VRNA,Verena Multi Finance Tbk.,2008-06-25T00:00:00,5687353997,Pengembangan
WAPO,Wahana Pronatural Tbk.,2001-06-22T00:00:00,1240923111,Pengembangan
WEGE,Wijaya Karya Bangunan Gedung T,2017-11-30T00:00:00,9572000000,Utama
WEHA,WEHA Transportasi Indonesia Tb,2007-05-31T00:00:00,886411265,Utama
WICO,Wicaksana Overseas Internation,1994-08-08T00:00:00,1268950977,Pengembangan
WIFI,Solusi Sinergi Digital Tbk.,2020-12-30T00:00:00,1947077000,Pengembangan
WIIM,Wismilak Inti Makmur Tbk.,2012-12-18T00:00:00,2099873760,Utama
WIKA,Wijaya Karya (Persero) Tbk.,2007-10-29T00:00:00,8969951372,Utama
WINS,Wintermar Offshore Marine Tbk.,2010-11-29T00:00:00,4333137057,Utama
WMUU,Widodo Makmur Unggas Tbk.,2021-02-02T00:00:00,12941176500,Utama
WOMF,Wahana Ottomitra Multiartha Tb,2004-12-13T00:00:00,3481481480,Utama
WOOD,Integra Indocabinet Tbk.,2017-06-21T00:00:00,6362500000,Utama
WOWS,Ginting Jaya Energi Tbk.,2019-11-08T00:00:00,2475720000,Pengembangan
WSBP,Waskita Beton Precast Tbk.,2016-09-20T00:00:00,26361157534,Utama
WSKT,Waskita Karya (Persero) Tbk.,2012-12-19T00:00:00,13573951000,Utama
WTON,Wijaya Karya Beton Tbk.,2014-04-08T00:00:00,8715466600,Utama
YELO,Yelooo Integra Datanet Tbk.,2018-10-29T00:00:00,380043597,Pengembangan
YPAS,Yanaprima Hastapersada Tbk,2008-03-05T00:00:00,668000089,Pengembangan
YULE,Yulie Sekuritas Indonesia Tbk.,2004-12-10T00:00:00,1785000000,Pengembangan
ZBRA,Zebra Nusantara Tbk,1991-08-01T00:00:00,856133009,Pengembangan
ZINC,Kapuas Prima Coal Tbk.,2017-10-16T00:00:00,25250000000,Pengembangan
ZONE,Mega Perintis Tbk.,2018-12-12T00:00:00,870171478,Pengembangan
ZYRX,Zyrexindo Mandiri Buana Tbk.,2021-03-30T00:00:00,1333333300,Pengembangan
